DUT,DUT1,DUT2,DUT3,DUT4,DUT5,DUT6,
_DEVICE,F3000,F3000,F3500,F2000,F3000,F6000,
AP-FIRMWARE,7.228.1338,TBC,TBC,TBC,TBC,TBC,
AP-HW_VER,v2,TBC,TBC,TBC,TBC,v1,
AP-MAC,20:9a:7d:fa:b8:b8,TBC,TBC,TBC,TBC,TBC,
AP-MAC-2G,20:9a:7d:fa:b8:b9,TBC,TBC,TBC,TBC,TBC,
AP-MAC-5G,22:9a:7d:fa:b8:bc,TBC,TBC,TBC,TBC,TBC,
AP-MAC-6G,22:9a:7d:fa:b8:bc,TBC,TBC,TBC,TBC,TBC,
AP-MAC-MLO,22:9a:7d:fa:b8:bc,TBC,TBC,TBC,TBC,TBC,
AP-MODEL,F266,TBC,TBC,TBC,TBC,TBC,
AP-VENDOR,SAGEMCOM,TBC,TBC,TBC,TBC,KAON,
BANDS,DUAL,DUAL,DUAL,DUAL,DUAL,DUAL,
DATE,20230727,TBC,20251124,TBC,20230727,20260924,
GW-FIRMWARE,SGDX10000145E,SGDX1WLB0109,SGEb10000127E,V100R001C59B050,SGDX10000141E,1.0.50e,
GW-GUI,http://192.168.1.254,http://192.168.1.254,http://192.168.1.254,http://192.168.1.254,http://192.168.1.254,http://192.168.1.254,
GW-HW-VER,A3,A3,v1,TBC,TBC,v1,
GW-FW-IMAGE,SGDX10000145E-sagemcom-5366-eir-5366EIR-v0.102.0-combined-squashfs.img.gsdf,SGDX10000145E-sagemcom-5366-eir-5366EIR-v0.102.0-combined-squashfs.img.gsdf,SGEb10000127E-5359-eir-5359EIR-v0.36.0.gsdf,TBC,TBC,v1.0.50e,
GW-FW-MIRROR,SGDX10000146E-sagemcom-5366-eir-5366EIR-v0.102.0-combined-squashfs.img.gsdf,TBC,SGEb10000128E-5359-eir-5359EIR-v0.36.0.gsdf,TBC,TBC,TBC,
GW-MAC,10:06:45:64:8C:2F,98:42:65:9E:76:B8,B0:92:4A:DF:F7:30,80:7D:14:67:7E:DA,44:D4:53:40:BA:00,10:e6:6b:90:49:fe,
GW-MAC-2G,10:06:45:64:8C:2C,98:42:65:9E:76:B8,B0:92:4A:DF:F7:34,80:7D:14:67:7E:DA,44:D4:53:40:BA:00,10:e6:6b:90:4a:05,
GW-MAC-5G,10:06:45:64:8C:2D,98:42:65:9E:76:B8,B0:92:4A:DF:F7:35,80:7D:14:67:7E:DA,44:D4:53:40:BA:00,10:e6:6b:90:4a:09,
GW-MAC-6G,10:06:45:64:8C:2D,98:42:65:9E:76:B8,,80:7D:14:67:7E:DA,44:D4:53:40:BA:00,10:e6:6b:90:49:fe,
GW-MAC-MLO,10:06:45:64:8C:2D,98:42:65:9E:76:B8,,80:7D:14:67:7E:DA,44:D4:53:40:BA:00,10:e6:6b:90:49:fe,
GW-MAC-WAN,10:06:45:64:8C:28,,B0:92:4A:DF:F7:34,,,10:e6:6b:90:49:fe,
GW-MODEL,Fast5366,Fast5366,Fast5359,HG659b,Fast5366,AR2387,
GW-NAME,F3000,F3000,F3500,F2000,F3000,F6000,
GW-OUI,TBC,TBC,3C585D,TBC,TBC,TBC,
GW-SERIAL,N7201095U000133,N7211597U000012,N724257BN006534,T5T7S18B08912278,N7210255U004766,GEFAD6B9049FE,
GW-VENDOR,SAGEMCOM,SAGEMCOM,SAGEMCOM,HUAWEI,SAGEMCOM,KAON,
GE-WAN,eth1,eth2,eth4,eth4,eth5,eth9-10G,
LAN,eth8,eth8,eth8,eth8,eth8,eth10-10G,
NOTES,,,,,,,
PDU,2,6,7,1,3,4,
PDUv2,,,,,,1,
PRODUCT,RETAIL,WHITE_LABEL,RETAIL,RETAIL,RETAIL,RETAIL,
SSID,eir97979836,WLB96448376,eir48519409,eir23639340-2.4G,eir27386848,Box_w7-9049FE,
SSID-2G,eir97979836,WLB96448376,eir48519409,eir23639340-2.4G,eir27386848,Box_w7-9049FE,
SSID-5G,eir97979836,WLB96448376,eir48519409,eir23639340-5G,eir27386848,Box_w7-9049FE,
SSID-6G,,,,,,Box_w7-9049FE,
SSID-MLO,,,,,,Box_w7-9049FE,
VLAN,10,10,10,10,10,10,
WPA,P82TsSfcvN,jsB7xs8Jfk,Ck9b4nh3eU,dup4pmbr,x4nsHSVvHn,u376tgxdecg6hxjtd5,

