CLIENT,LAN,WiFi4 (2.4GHz),WiFi5 (5GHz),WiFi6 (2.4GHz),WiFi6 (5GHz),WiFi6e (6GHz),WiFi7 (MLO),MULTI
Group,lan,lan2,lan3,lan4,lan5,lan6,lan7,MULTI
lanInterface,eth10-10G,wifi1-ax24,wifi2-ax56,wifi3-ax24,wifi4-ax56,wifi6-ax56,wifi7-be,MULTI
lanSecurity,NONE,WPA,WPA,WPA,WPA,WPA,WPA
lanChannel,auto,2.4GHz,5GHz,2.4GHz,5GHz,6GHz,auto,auto
lanClients,8,8,8,8,8,8,1,auto
lan80211Phy,auto,n,ac,ax,ax,ax,auto,auto
wpaKeyMgmt,auto,auto,auto,auto,auto,auto,auto,auto
wpaCipher,auto,auto,auto,auto,auto,auto,auto,auto
wpaGroupCipher,auto,auto,auto,auto,auto,auto,auto,auto
wpaMode,auto,auto,auto,auto,auto,auto,auto,auto

